Name,Price,Discount,Color,Sizes
OversizedPeachedFlockPritSkullBomberJacket,$65.00,$32.50(-50%),grey,"['XS', 'S', 'M', 'L', 'XL']"
RelaxedRigidBrowTitMotoPritedJeas,$65.00,$32.50(-50%),brow,"['28', '30', '32', '34', '36', 'Regular(32)i']"
OversizedExtededNeckBoxyT-shirt,$16.00,$8.00(-50%),stoe,"['XS', 'S', 'M', 'L', 'XL']"
Borg&NyloFuelNeckPufferIEcru,$100.00,$50.00(-50%),ecru,"['XS', 'S', 'M', 'L', 'XL']"
OversizedFlameAppliqueDeimJacket,$65.00,$32.50(-50%),trueblack,"['S', 'M', 'L', 'XL']"
SlimFlaredMotoEmbroideredJeas,$55.00,$27.50(-50%),black,"['28', '30', '32', '34', '36', 'Regular(32)i']"
OversizedBoxyHommeEmbroideredVarsityZipThroughHoodie,$55.00,$27.50(-50%),black,"['XS', 'S', 'M', 'L', 'XL']"
OversizedSatiFootballT-ShirtAdJoggerSet,$70.00,$35.00(-50%),trueblack,"['XS', 'S', 'M', 'L', 'XL']"
BoxyWashedFuelNeckPaddedJacketIGrey,$115.00,$57.50(-50%),grey,"['XS', 'S', 'M', 'L', 'XL']"
OversizedBoxyWaffleGraphicT-Shirt,$30.00,$15.00(-50%),charcoal,"['XS', 'S', 'M', 'L', 'XL']"
RelaxedFitFixedWaistWoveTabCargoPats,$55.00,$27.50(-50%),charcoal,"['28', '30', '32', '34', '36', 'XS', 'S', 'M', 'L', 'XL']"
SlimFitOfficialZipThroughMeshPaelledHoodedTracksuit,$80.00,$40.00(-50%),darkgrey,"['XS', 'S', 'M', 'L', 'XL']"
OversizedZipThroughPuffPritSprayHoodie,$65.00,$32.50(-50%),lightblue,"['XS', 'S', 'M', 'L', 'XL']"
OversizedBoxyHommeMagazieGraphicT-Shirt,$18.00,$9.00(-50%),white,"['XS', 'S', 'M', 'L']"
BaggyRigidCotrastStitchDeimJeas,$45.00,$22.50(-50%),atiquewash,"['28', '30', '32', '34', '36', 'Regular(32)i']"
OversizedLimitedEditioSkullVarsityJacketIBlue,$125.00,$62.50(-50%),lightblue,"['XS', 'S', 'M', 'L', 'XL']"
OversizedLimitedTeddyBorgHoodie,$50.00,$25.00(-50%),lightblue,"['XS', 'S', 'M', 'L', 'XL']"
OversizedLimitedEditioEmbroideredTeddyBorgCuffedSweatpats,$45.00,$22.50(-50%),lightblue,"['XS', 'S', 'M', 'L', 'XL']"
OversizedBoxyCargoPocketZipThroughTeddyBorgHoodie,$50.00,$25.00(-50%),ecru,"['XS', 'S', 'M', 'L', 'XL']"
StraightLegLimitedEditioTeddyBorgSweatpats,$45.00,$22.50(-50%),ecru,"['XS', 'S', 'M', 'L', 'XL']"
OversizedAOPDoodleZipThroughHoodie,$50.00,$25.00(-50%),charcoal,"['XS', 'S', 'M', 'L', 'XL']"
SkeletoHadsNecklacePritT-Shirt,$25.00,$12.50(-50%),black,"['XS', 'S', 'M', 'L', 'XL']"
OversizedBoxyBorgGothicPritHoodie,$65.00,$32.50(-50%),black,"['XS', 'S', 'M', 'L', 'XL']"
13EmbroideredSweatTracksuit,$70.00,$35.00(-50%),black,"['XS', 'S', 'M', 'L', 'XL']"
BoxyFitCrossAppliqueDeimBomberJacket,$65.00,$32.50(-50%),atiqueblue,"['S', 'M', 'L', 'XL']"
OversizedExtededNeckAcidWashSweatshirt,$40.00,$20.00(-50%),charcoal,"['XS', 'S', 'M', 'L', 'XL']"
RelaxedRigidCrossAppliqueDeimJeas,$65.00,$32.50(-50%),atiqueblue,"['28', '30', '32', '34', '36', 'Regular(32)i']"
OversizedCargoExtededDrawcordTracksuit,$80.00,$40.00(-50%),ashgrey,"['XS', 'S', 'M', 'L', 'XL']"
OversizedBoxyFlameTexturedKittedSweater,$45.00,$22.50(-50%),black,"['XS', 'S', 'M', 'L', 'XL']"
OversizedEmbroideredPaisleyHarrigtoJacket,$80.00,$40.00(-50%),red,"['XS', 'S', 'M', 'L', 'XL']"
RegularFitLtdEdtPaitSplatterGussetJogger,$45.00,$22.50(-50%),black,"['XS', 'S', 'M', 'L', 'XL']"
Oversized90PritedFootballTeeOverlayHoodedTracksuit,$95.00,$47.50(-50%),red,"['XS', 'S', 'M', 'L', 'XL']"
TallOversizedZipThruHeavyWashedAppliqueHoodie,$55.00,$27.50(-50%),black,"['S', 'M', 'L', 'XL', 'XXL']"
TallOverdyeRelaxedFitCargoJeas,$55.00,$27.50(-50%),sage,"['30', '32', '34', '36', '38', '40']"
TallOversizedBoxyWashedAppliqueHoodedTracksuit,$90.00,$45.00(-50%),black,"['S', 'M', 'L', 'XL', 'XXL']"
TallOversizedHommeCrossT-shirtIGrey,$30.00,$15.00(-50%),grey,"['S', 'M', 'L', 'XL', 'XXL']"
PlusEmbroideredGraphicT-Shirt,$20.00,$10.00(-50%),black,"['XXL', 'XXXL', 'XXXXL', 'XXXXXL']"
PlusPUCoatedSuperSkiyCargoJeas,$50.00,$25.00(-50%),black,"['38', '40', '42', '44', '46']"
PlusQuiltedHighShieViylHoodedVestIBlack,$80.00,$40.00(-50%),black,"['XXL', 'XXXL', 'XXXXL', 'XXXXXL']"
PlusStretchUtilityPocketShirtadCargoPatsSetiBlack,$80.00,$40.00(-50%),black,"['XXL', 'XXXL', 'XXXXL', 'XXXXXL']"
BrushedPlaidOversizedBoxyZipOvershirt,$65.00,$32.50(-50%),pik,"['S', 'M', 'L', 'XL']"
ExtremeBaggyRigidMultiCargoPocketJea,$65.00,$32.50(-50%),ecru,"['28', '30', '32', '34', '36', 'Regular(32)i']"
OversizedBoxyOFCLBrushedOmbreStripeKittedEmbroideredSweater,$50.00,$25.00(-50%),red,"['XS', 'S', 'M', 'L', 'XL']"
OversizedBoxyCrossEmbroideredGussetHoodedTracksuit,$95.00,$47.50(-50%),stoe,"['XS', 'S', 'M', 'L', 'XL']"
WashedPUAdBorgPaelHarrigtoJacketIBrow,$95.00,$47.50(-50%),brow,"['XS', 'S', 'M', 'L', 'XL']"
RelaxedRigidCrossAppliqueDeimJeas,$60.00,$30.00(-50%),brow,"['28', '30', '32', '34', '36', 'Regular(32)i']"
OversizedHeavyweightHommeGraffitiFauxSleevePritT-Shirt,$25.00,$12.50(-50%),chocolate,"['XS', 'S', 'M', 'L', 'XL']"
OversizedBoxyHommeZipThroughHoodedGussetTracksuit,$90.00,$45.00(-50%),brow,"['XS', 'S', 'M', 'L', 'XL']"
OversizedBoxyDistressedTexturedKittedSweater,$50.00,$25.00(-50%),black,"['XS', 'S', 'M', 'L', 'XL']"
OversizedExtededNeckScubaT-shirt,$25.00,$12.50(-50%),black,"['XS', 'S', 'M', 'L', 'XL']"
ElasticWaistAcidWashParachuteCargoJeasIBlack,$65.00,$32.50(-50%),black,"['28', '30', '32', '34', '36', 'Regular(32)i']"
OversizedBoxyCargoPocketZipThroughTeddyBorgHoodie,$50.00,$25.00(-50%),charcoal,"['XS', 'S', 'M', 'L', 'XL']"
OversizedStarAppliqueDeimBomberJacket,$70.00,$35.00(-50%),darkblue,"['S', 'M', 'L', 'XL']"
OversizedWashedVarsityGraphicSweatshirt,$40.00,$20.00(-50%),slateblue,"['XS', 'S', 'M', 'L', 'XL']"
ExtremeBaggyRigidStarAppliqueDeimJeas,$60.00,$30.00(-50%),darkblue,"['28', '30', '32', '34', '36', 'Regular(32)i']"
AbstractQuiltedFuelNeckPufferIGrey,$95.00,$47.50(-50%),grey,"['XS', 'S', 'M', 'L', 'XL']"
BoxyQuiltedHoodedPufferCoatITaupe,$80.00,$40.00(-50%),taupe,"['XS', 'S', 'M', 'L', 'XL']"
OversizedHalfSleeveWashedadAppliqueT-shirt,$40.00,$20.00(-50%),lightgrey,"['XS', 'S', 'M', 'L', 'XL']"
OversizedScubaZipThoughHoodie,$50.00,$25.00(-50%),stoe,"['XS', 'S', 'M', 'L', 'XL']"
RelaxedFitWoveTabBasicCargoSweatpats,$26.00,$13.00(-50%),greymarl,"['XS', 'S', 'M', 'L', 'XL']"
OversizedLimitedTeddyBorgHoodie,$50.00,$25.00(-50%),stoe,"['XS', 'S', 'M', 'L', 'XL']"
OversizedLimitedEmbroideredTeddyBorgCuffedSweatpats,$40.00,$20.00(-50%),stoe,"['XS', 'S', 'M', 'L', 'XL']"
OversizedTeddyBorgHoodie,$50.00,$25.00(-50%),chocolate,"['XS', 'S', 'M', 'L', 'XL']"
StraightLegTeddyBorgSweatpats,$45.00,$22.50(-50%),chocolate,"['XS', 'S', 'M', 'L', 'XL']"
OversizedBoxyZipThroughHeartPritZipThroughHoodie,$50.00,$25.00(-50%),red,"['XS', 'S', 'M', 'L', 'XL']"
RelaxedDoubleWaistbadHeartPritSweatpats,$45.00,$22.50(-50%),red,"['XS', 'S', 'M', 'L', 'XL']"
OversizedGothicOfficialLipsGraphicSweatshirt,$35.00,$17.50(-50%),white,"['XS', 'S', 'M', 'L']"
OversizedBoxyMWashadAppliqueHoodedTracksuit,$100.00,$50.00(-50%),red,"['XS', 'S', 'M', 'L', 'XL']"
OversizedVNeckCableKittedVest,$40.00,$20.00(-50%),black,"['XS', 'S', 'M', 'L', 'XL']"
RelaxedFitEmbossedCarpeterJeas,$65.00,$32.50(-50%),charcoal,"['28', '30', '32', '34', '36', 'Regular(32)i']"
GothicCrossEmbroideredHoodedTracksuit,$70.00,$35.00(-50%),black,"['XS', 'S', 'M', 'L', 'XL']"
OversizedJohyCashLicesePritT-Shirt,$35.00,$17.50(-50%),black,"['XS', 'S', 'M', 'L']"
MetallicFuelNeckPufferIBroze,$95.00,$47.50(-50%),broze,"['XS', 'S', 'M', 'L', 'XL']"
RelaxedFlaredCargoTitedDeimJeas,$50.00,$25.00(-50%),ecru,"['28', '30', '32', '34', '36', 'Regular(32)i']"
OversizedBoxyLimitedScubaHoodie,$50.00,$25.00(-50%),charcoal,"['XS', 'S', 'M', 'L', 'XL']"
OversizedZipThroughAppliqueSprayWashHoodie,$65.00,$32.50(-50%),charcoal,"['XS', 'S', 'M', 'L', 'XL']"
OversizedExtededNeckSpaceGraphicT-shirt,$30.00,$15.00(-50%),black,"['XS', 'S', 'M', 'L', 'XL']"
ExtremeWideFitJeasIWashedBlack,$50.00,$25.00(-50%),washedblack,"['28', '30', '32', '34', '36', 'Regular(32)i']"
BorgMa1BomberJacketIBlack,$70.00,$35.00(-50%),black,"['XS', 'S', 'M', 'L', 'XL']"
